embedding_dim,mlp_layers,dropout,batch_size,num_epochs,learning_rate,final_train_loss,final_val_loss,recall@10,ndcg@10
64,"[128, 64, 32, 16]",0.2,128,20,0.0005,0.14757101134927325,0.1731798600155299,0.01761407535245399,0.1787121335451673
